key,pt_BR
GAME_TITLE,PetShop Tycoon: Do Banho à Rede
SERVE,SERVIR
FINISH_BATH,FINALIZAR BANHO
PERFECT,PERFEITO!
TRY_AGAIN,TENTAR NOVAMENTE
COINS,Moedas
MISSIONS_TITLE,MISSÕES DO DIA
COLLECTION_TITLE,COLEÇÃO
STAFF_TITLE,EQUIPE
SHOP_TITLE,LOJA
MAP_TITLE,DO BALDE AO IMPÉRIO
SETTINGS_TITLE,AJUSTES E ACESSIBILIDADE
BACK,VOLTAR AO PETSHOP
CLAIM,COLETAR
CLAIMED,COLETADO
LOCKED,nv. %d
HIRE,CONTRATAR
HIRED,NA EQUIPE
BUY,COMPRAR
OWNED,ADQUIRIDO
EMBERS,Brasas
DAILY_LOGIN,LOGIN DIÁRIO Dia %d/7
MISSION_SERVICES,BANHOS E TOSAS %d/5
MISSION_PERFECT,NA MEDIDA %d/3
MISSION_UPGRADE,TUDO NOVINHO %d/1
SFX_VOLUME,Efeitos
MUSIC_VOLUME,Música
HAPTICS,Vibração
REDUCED_FX,Partículas reduzidas
ECO_MODE,Modo econômico
LANGUAGE,Idioma
CHOOSE_CLIENT,Escolha o próximo cliente da fila
SKIP_TUTORIAL,PULAR TUTORIAL
HINT_BATH,Esfregue em círculos e solte na faixa verde
HINT_GROOM,Siga as setas: deslize na direção indicada
HINT_DRY,Acompanhe o círculo com o secador até encher
HINT_PERFUME,Borrife quando o anel dourado acender (3 borrifadas)
HINT_STYLE,Encaixe o lacinho na marca rosa e segure firme
PERFECT_RESULT,PERFEITO!
GOOD_RESULT,MUITO BOM!
VIP_TAG,VIP
TIP_LINE,gorjeta +%d%%
NO_TIP,sem gorjeta desta vez
ON,ligado
OFF,desligado
PASSIVE_SPEED,+agilidade geral
PASSIVE_BATH_SPEED,banho rende mais
PASSIVE_GROOM_QUALITY,tosa com mais qualidade
PASSIVE_VETERINARY_XP,+XP em tudo
PASSIVE_PATIENCE,clientes esperam mais
PASSIVE_PERFECT_WINDOW,faixa Perfect maior
IAP_NOTE,Compras reais chegam com a integração da loja (offline: indisponível).
COSMETIC_NO_FX,Cosméticos equipados aparecem no petshop na hora
PASS_TITLE,PASSE 28 DIAS —
PASS_DESC,Complete as 3 missões do dia para avançar
PASS_DONE,Passe completo! Obrigado pela jornada
PASS_UNLOCKED,Dia do passe destravado:
STREAK_LINE,Sequência: %d dias • Freezes: %d
FREEZE_USED,Freeze protegeu sua sequência!
FREEZE_EARNED,Freeze ganho pela sequência!
COMEBACK_TITLE,BEM-VINDO DE VOLTA!
COMEBACK_GIFT,+1 freeze e moedas de boas-vindas!
SHARE_BUTTON,📷 ANTES/DEPOIS
SHARE_SAVED,Foto salva em user://shares/!
SHARE_FAILED,Sem captura ainda — termine um serviço
EVENTS_OFF,Sem evento hoje
EQUIP,USAR
EQUIPPED,EM USO
PRESTIGE_TITLE,FRANQUIA
PRESTIGE_DESC,Prestígio disponível: %d token(s) • bônus atual +%.0f%% por atendimento
PRESTIGE_GO,PRESTIGIAR
PRESTIGE_LOCKED,Alcance nível 15 e acumule mais moedas
PRESTIGE_KEEP,"Mantém: brasas, pets, cosméticos, conquistas, streak, passe, pesquisa e 25% da estação/ferramentas"
PRESTIGE_LOST,"Recomeça: moedas, equipe e nível de carreira (a partir do 10)"
PRESTIGE_DONE,Franquia nível %d! +10%% de moedas por nível
EVENT_0,Domingo da Família
EVENT_1,Segunda do Banho
EVENT_2,Terça da Tosa
EVENT_3,Quarta da Secagem
EVENT_4,Quinta do Laço
EVENT_5,Sexta do VIP
EVENT_6,Sábado do Combo
WEEKLY_TITLE,MISSÕES DA SEMANA
WEEKLY_NOTE,Reinicia na segunda-feira • recompensas maiores que as diárias
WEEKLY_NOTE_SHORT,semanal
WMISSION_BATH,%d/40 banhos
WMISSION_PERFECT,%d/15 perfeitos
WMISSION_COMBO,Combo %d/8
WMISSION_TIPS,%d/10 gorjetas
WMISSION_STYLE,%d/12 laços
WMISSION_VIP,%d/3 clientes VIP
WMISSION_SPEND,%d/600 investidos
FAVORITE_HINT,Toque para tornar seu preferido — ele visita mais
FAVORITE_SET,Pet preferido definido!
VOCATION_GROOMER,Tosador
VOCATION_BATHER,Banhista
VOCATION_STYLIST,Estilista
VOCATION_VETERINARY,Veterinário
VOCATION_MASSEUSE,Massagem
VOCATION_PERFECTIONIST,Perfeccionista
MISSION_NOTE,"Vocações da equipe: Banhista acelera o banho, Tosador acelera tudo, Estilista melhora a tosa, Veterinário cura mais rápido, Massagem acalma o cliente e Perfeccionista alarga a janela do perfeito."
NEIGHBORHOOD,BAIRRO
NEIGHBORHOOD_0,Vizinho Amigo
NEIGHBORHOOD_1,Pet Shop Confiável
NEIGHBORHOOD_2,Queridinho do Bairro
NEIGHBORHOOD_3,Lenda do Bairro
NEIGHBORHOOD_4,Mitinho Eterno
REP_UP,O bairro está falando bem de você! Nova faixa de reputação
UPGRADES_TITLE,MELHORIAS
UPGRADES_STATION,Estação de banho
UPGRADES_STATION_LEVEL,Estação nível %d! Recompensa maior.
UPGRADES_UPGRADE,MELHORAR
UPGRADES_MAXED,MÁXIMO
UPGRADES_PER_LEVEL,por nível
UPGRADES_REWARD,de recompensa
UPGRADES_LOCKED,Desbloqueia no nível %d
UPGRADES_MISSING,Faltam %d moedas
UPGRADES_TOOL_UP,%s melhorado! +4%% de bônus
TOOL_SOAP,Sabonete
TOOL_CLIPPER,Máquina de tosa
TOOL_DRYER,Secador
TOOL_PERFUME,Perfume
TOOL_BOW,Laço
NOTIFICATIONS,Lembretes de retorno
TOMORROW,Amanhã
BUDDY_VISIT,%s sentiu sua falta e veio primeiro!
BUDDY_TAG,amigo
FRANCHISE_EXCHANGE,Franquia
FRANCHISE_DESC,Tokens disponíveis: %d
EVENT_DESC_0,tudo rende +25%
EVENT_DESC_1,banho rende ×2 e domina a fila
EVENT_DESC_2,tosa rende ×2 e domina a fila
EVENT_DESC_3,secagem rende ×2 e domina a fila
EVENT_DESC_4,laço rende ×2 • pets raros aparecem mais
EVENT_DESC_5,VIPs em dobro • perfume rende ×2
EVENT_DESC_6,Perfect vale +50%
SEASON_carnaval,Carnaval
SEASON_festa_junina,Festa Junina
SEASON_natal,Natal Tropical
SEASON_WHEN_carnaval,fevereiro e março
SEASON_WHEN_festa_junina,junho
SEASON_WHEN_natal,dezembro
SEASON_GIFT,Presente de temporada (%s): %s liberado!
SEASON_ACTIVE,TEMPORADA: %s — presente: %s
SEASON_NO_GIFT,em breve
SOURCE_achievement,Conquista: combo de 20
SOURCE_BTN_SEASON,TEMPORADA
SOURCE_BTN_ACHIEVEMENT,CONQUISTA
RESEARCH_TITLE,PESQUISA DA FRANQUIA
RESEARCH_DESC,%d/%d pesquisadas
RESEARCH_COST,PESQUISAR (%d)
RESEARCH_DONE,✓ PRONTA
RESEARCH_LOCKED,Requer: %s
RESEARCH_EFFECT_bath_income,banho rende +%d%%
RESEARCH_EFFECT_satisfaction,janela de Perfect +%d%%
RESEARCH_EFFECT_service_speed,serviços %d%% mais rápidos
RESEARCH_EFFECT_patience,paciência dos pets +%d%%
RESEARCH_EFFECT_offline_rate,cofre offline +%d%%
RESEARCH_TOAST,Pesquisa concluída: %s
RESEARCH_NOTE,"Custo entre parênteses em tokens de franquia (ganhos ao prestigiar). Efeitos permanentes: sobrevivem ao prestígio."
OFFLINE_TITLE,Enquanto você estava fora
OFFLINE_BODY,%d min fora • cofre: +%d moedas
OFFLINE_STAFF,Sua equipe rendeu sozinha: +%d%% da sua renda
OFFLINE_TODAY,Hoje: %s — %s
OFFLINE_DAILY,Login diário (dia %d) pronto para resgatar
COLLECT,COLETAR
OFFLINE_DOUBLE_EMBER,DOBRAR (1 Brasa)
OFFLINE_DOUBLE_AD,DOBRAR (vídeo)
WEEKLY_CHEST_TOAST,Baú da semana! +%d moedas e +%d Brasas
BIA_HIRED,Bia entrou para a equipe! Ela rende sozinha enquanto você atende.
LEVEL_UP_TOAST,Nível %d! +%d moedas
ACHIEVEMENT_TOAST,Conquista desbloqueada!
MISSIONS_NO_ADS,Missões nunca exigem anúncio ou compra.
STAFF_AUTOMATION,rende sozinha +%d%% da sua renda (em jogo e no cofre)
PRESTIGE_PREVIEW,Herança: estação Nv.%d • recomeça no nível %d com todos os serviços
CLIENT_LEFT,%s cansou de esperar e foi embora.
MISSION_METRIC_services,ATENDIMENTOS %d/%d
MISSION_METRIC_perfect,PERFECTS %d/%d
MISSION_METRIC_perfect_services,PERFECTS %d/%d
MISSION_METRIC_upgrades,MELHORIAS %d/%d
MISSION_METRIC_four_plus_reviews,AVALIAÇÕES 4★+ %d/%d
MISSION_METRIC_combo_reached,COMBO %d/%d
REVEAL_OK,CONTINUAR
REVEAL_PET_TITLE,Novo pet na coleção!
REVEAL_PET_HINT,Toque no pet durante o atendimento para fazer carinho.
RARITY_common,Comum
RARITY_uncommon,Incomum
RARITY_rare,Raro
RARITY_epic,Épico
RARITY_legendary,Lendário
REVEAL_CHAPTER_TITLE,Novo capítulo!
REVEAL_CHAPTER_BODY,Estabelecimento nível %d — o bairro inteiro percebeu.
REVEAL_ACHIEVEMENT_TITLE,Conquista desbloqueada!
REVEAL_SERVICE_TITLE,Novo serviço liberado!
REVEAL_COSMETIC_TITLE,Presente de temporada!
SERVICE_BATH,Banho
SERVICE_GROOM,Tosa
SERVICE_DRY,Secagem
SERVICE_PERFUME,Perfume
SERVICE_STYLE,Laço
GOAL_PET,pet %s
GOAL_SERVICE,serviço %s
GOAL_CHAPTER,capítulo %s
GOAL_LINE,PRÓXIMO: %s no Nv.%d • nível atual %d%%
GOAL_NEXT_LEVEL,PRÓXIMO NÍVEL LIBERA: %s • %d%%
GOAL_PRESTIGE,Carreira no topo • %d token(s) de franquia disponíveis
SHARE_CAPTION,Antes e depois de %s no PetShop Tycoon! %s #PetShopTycoon
SHARE_HEADLINE,antes & depois no banho e tosa
SHARE_BEFORE,ANTES
SHARE_AFTER,DEPOIS
SHARE_SERVICE_BATH,saiu limpinho do banho!
SHARE_SERVICE_GROOM,ganhou um corte novo!
SHARE_SERVICE_DRY,ficou sequinho e fofo!
SHARE_SERVICE_PERFUME,ficou muito cheiroso!
SHARE_SERVICE_STYLE,amou o novo lacinho!
SHARE_HASHTAG,#PetShopTycoon
SHARE_SAVED_GALLERY,Foto salva em Imagens/PetShopTycoon • legenda copiada
SHARE_WEB,Abrindo o compartilhamento…
VISITOR_TAG,visitante ✦ %d/%d
VISITOR_PROGRESS,%s adorou a visita! (%d/%d) — mais um pouco e entra na coleção
REVEAL_PET_ADOPTED,Visitante adotado!
EVENT_GOAL_TITLE,META DO DIA
EVENT_GOAL_DESC,%s: %d/%d atendimentos
EVENT_GOAL_ANY,qualquer serviço
EVENT_GOAL_REWARD,baú: +%d moedas e +%d Brasas
TEACH_NEW_GESTURE,Gesto novo! Experimente sem pressa:
TUT_STEP_1,Toque em um cliente da fila para atender
TUT_STEP_2,Arraste %s até %s
DRAG_TOOL_TO,Arraste %s da prateleira até %s
QUEUE_WAITING,aguardando cliente
RUSH_TOAST,PICO DO BAIRRO! Gorjetas dobradas e fila cheia!
MASTERY_TOAST,Maestria de %s %s!
RESULT_SPECIAL,★ pedido especial atendido!
RESULT_BUDDY,• buddy na banheira dupla: +40%
RESULT_ALMOST,QUASE LÁ!
RESULT_RHYTHM,RITMO PERFEITO ×%d
FAIL_TIMEOUT,O tempo acabou. Faça o movimento com mais ritmo!
FAIL_OVERWASHED,%s demais. Solte assim que o aro entrar na faixa verde.
FAIL_TOO_SOON,Leve a %s até a faixa verde antes de finalizar.
FAIL_NO_PENALTY,Sem punição — tente de novo.
PETTING_COUNT,carinho %d/50
FIRST_PET_READY,Caramelo está pronto! Arraste o sabonete até ele.
COMEBACK_TOAST,Bem-vindo de volta! Presente de retorno resgatado.
AFFECTION_TOAST,Laço de amizade! +%d Brasas
TEMPER_AGITATED,agitado
TEMPER_CALM,calmo
TEMPER_PLAYFUL,brincalhão
TEMPER_SHY,tímido
PAYS,paga
COLORBLIND_MODE,Modo daltônico (azul/laranja na faixa)
ASSIST_WINDOW,Assistência motora (faixa e alvos maiores)
ANALYTICS_CONSENT,Compartilhar dados de uso anônimos
TRANSFER_TITLE,Transferir progresso
TRANSFER_EXPORT_DESC,Copia um código assinado para colar em outro aparelho
TRANSFER_COPY,COPIAR CÓDIGO
TRANSFER_COPIED,Código copiado! Cole em Ajustes no outro aparelho.
TRANSFER_IMPORT,Restaurar progresso
TRANSFER_IMPORT_DESC,Cola o código copiado (substitui o save atual)
TRANSFER_PASTE,COLAR CÓDIGO
TRANSFER_DONE,Progresso restaurado!
TRANSFER_INVALID,Código inválido ou corrompido.
SHOP_NAME,Nome do pet shop
SHOP_NAME_HINT,ex.: Banho da Lua
